source_id,provider,layer_product,source_url,download_api_method,native_crs,native_resolution,refresh_frequency,last_checked,license_terms,processing_script,qa_test,customer_caveat
FEMA_NFHL_EFFECTIVE,FEMA,National Flood Hazard Layer,https://hazards.fema.gov/arcgis/rest/services/public/NFHL/MapServer (layer 28 = Flood Hazard Zones; layer 3 = FIRM Panels for EFF_DATE),REST query (ArcGIS MapServer /query, no API key),EPSG:4326 (WGS84) supported via inSR/outSR params,vector,event-based (map updates),2026-08-18 (verified working via src/indicators/flood_indicators.py against real Baton Rouge + New Orleans addresses),Public FEMA data; confirm exact attribution/terms text before customer-facing use,src/indicators/flood_indicators.py,live feature returned for 2/2 test addresses; ZONE_SUBTY used to derive floodway_flag; STATIC_BFE -9999 sentinel mapped to null,"Zone is map context, not total flood risk; effective dates vary and not all flood types are captured."
FEMA_NRI_CENSUS_TRACTS,FEMA,National Risk Index — Census Tracts (hurricane + strong-wind hazard types used; layer also has 16+ other hazard types not yet wired in),https://services.arcgis.com/XG15cJAlne2vxtgt/arcgis/rest/services/National_Risk_Index_Census_Tracts/FeatureServer (found via ArcGIS Online public item-search API; FEMA's own hazards.fema.gov/nri endpoint returned 403 Forbidden),REST query (ArcGIS FeatureServer /query, no API key),EPSG:4326 (WGS84) supported via inSR param; native service SR is 102100/3857,vector (census tract polygons — county-scale in practice; not parcel-level),annual-ish NRI product refresh (exact cadence not confirmed),2026-08-19 (verified working via src/indicators/wind_indicators.py at 4 real points: Baton Rouge hurricane 95.3 'Relatively High'/strong-wind 41.1 'Relatively Low'; Lakeview New Orleans hurricane 92.2 'Relatively High'/strong-wind 13.1 'Very Low'; Houston TX hurricane 97.6 'Very High'; Denver CO hurricane 'Not Applicable' (non-coastal)/strong-wind 60.8 'Relatively Moderate' — physically sensible geographic variation confirmed),Public FEMA data hosted on Esri ArcGIS Online; confirm exact attribution text before customer-facing use,src/indicators/wind_indicators.py,"live feature returned for 4/4 test points with plausible geographic variation (coastal LA/TX high hurricane risk; inland CO correctly N/A for hurricane, moderate for strong wind); used HRCN_* and SWND_* field groups specifically (RISKS=score 0-100, RISKR=rating category, EALR=expected-annual-loss rating, AFREQ=annualized frequency)","Census-tract-level context, not property-specific — every address in the same tract shares this value. Risk score is a nationally percentile-ranked composite, not a wind-speed design value; does not reflect this building's roof, construction, or FORTIFIED status."
USGS_3DEP,USGS,3D Elevation Program — Elevation Point Query Service (EPQS v1),https://epqs.nationalmap.gov/v1/json,REST GET (x/y/wkid/units params, no API key) — single point (get_terrain_indicators) OR ~13-21 point grid-sampled percentile via concurrent requests (get_neighborhood_elevation_stats; default 250m radius/125m step),EPSG:4326 (WGS84) via wkid param,raster (point-sampled; resolution reported per-call, e.g. 1m); neighborhood percentile is a discrete-grid approximation over the sampled points themselves, not an independently defined reference geography,varies by location (EPQS samples whatever DEM is current for that area),2026-08-19 (neighborhood percentile verified working via src/indicators/terrain_indicators.py::get_neighborhood_elevation_stats at 3 real Louisiana points: Baton Rouge percentile 61.5 [13.32-16.41m range]; Lakeview New Orleans (SFHA) percentile 38.5 [-2.75 to -0.18m range]; Gentilly New Orleans (SFHA) percentile 7.7 [notably lower, correctly triggered escalation rule]),Public-domain USGS data; confirm exact attribution text before customer-facing use,src/indicators/terrain_indicators.py,"live point + neighborhood values returned for 3/3 test addresses and percentile ranks matched physical expectation (Gentilly point genuinely low vs. its own sampled surroundings correctly ranked in bottom decile); large-negative sentinel excluded from both single-point and neighborhood calculations","Resolution/age varies by location; vertical datum and surface-vs-bare-earth distinction matter; not a surveyed finished-floor elevation. Neighborhood percentile compares only to the ~13-21 points actually sampled within 250m, not an independently defined neighborhood or drainage boundary."
USGS_NLCD,USGS (via MRLC),NLCD 2021 Land Cover / Impervious / Tree Canopy Cover,https://www.mrlc.gov/geoserver/wms (layers mrlc_display:NLCD_2021_Land_Cover_L48, NLCD_2021_Impervious_L48, nlcd_tcc_conus_2021_v2021-4),WMS GetFeatureInfo — single-pixel query (get_landcover_indicators) OR ~13-21 point grid-sampled buffer mean via concurrent requests (get_landcover_buffer_stats; default 250m radius/125m step); no API key either way,EPSG:3857 request / native raster CRS undocumented here,raster (30m class/percent cells); buffer stats are a discrete-grid mean approximation, not a true pixel-weighted zonal statistic,annual (2021 product in use; newer years exist),2026-08-19 (buffer function verified working via src/indicators/landcover_indicators.py::get_landcover_buffer_stats at 2 real Louisiana points: downtown Baton Rouge 85.2% impervious/0.0% canopy over 13 samples vs. 94%/0% single-pixel; Atchafalaya Basin 0.0%/84.2% over 13 samples vs. 0%/90% single-pixel),Public MRLC/USGS data; confirm exact attribution text before customer-facing use,src/indicators/landcover_indicators.py,"live pixel + buffer values returned and sanity-checked against known land use at 2/2 test points (buffer mean tracks single-pixel value directionally, as expected); NODATA sentinel (127) excluded from both single-pixel and buffer-mean calculations","Single-pixel is one 30m cell at the point. Buffer mean (impervious_250m_pct/tree_250m_pct-style fields) is a grid-sampled approximation over ~13-21 points within 250m, not a true zonal statistic; raster resolution still limits parcel-scale interpretation."
NOAA_NCEI_NORMALS_MONTHLY,NOAA,NCEI Data/Search Service v1 — normals-monthly-1991-2020 (distinct from the token-gated CDO v2 API this row was originally scoped to; that assumption was wrong for this use case),Search: https://www.ncei.noaa.gov/access/services/search/v1/data ; Data: https://www.ncei.noaa.gov/access/services/data/v1,REST GET (bbox param for nearest-station search, no API key; stations param for normals fetch, no API key) — tries up to 12 nearest stations in distance order since many nearby volunteer precipitation-only stations lack temperature fields,station point locations (WGS84 implied by bbox lat/lon params),station-level (nearest weather station to the point; not spatially interpolated to the address),normals refreshed on a ~10-year cycle (current period 1991-2020),2026-08-19 (verified working via src/indicators/climate_indicators.py at 2 real Louisiana points: Baton Rouge station USC00165620 [9.6km] hottest month August 90.8°F; New Orleans station USW00012930 [10.0km] hottest month August 94.0°F — physically sensible coastal-vs-inland contrast),Public NOAA/NCEI data; confirm exact attribution text before customer-facing use,src/indicators/climate_indicators.py,"live search + data returned for 2/2 test points; multi-candidate fallback verified necessary and working (Baton Rouge's single nearest station at 3.5km had no usable TMAX data; the 6th-nearest at 9.6km did)","Station-level point data (nearest weather station, several km away), not a spatial interpolation to the exact address. Normals describe 1991-2020 averages, not this year's actual or forecast weather, and are not an indoor temperature prediction."
USGS_NHD,USGS,National Hydrography Dataset (NHD) — Flowline/Waterbody/Area/Line large-scale layers,https://hydro.nationalmap.gov/arcgis/rest/services/nhd/MapServer (layer 6 = Flowline - Large Scale; layer 12 = Waterbody - Large Scale; layer 9 = Area - Large Scale; layer 2 = Line - Large Scale filtered to FCode 56800/Levee),REST query (ArcGIS MapServer /query per layer, no API key),EPSG:4326 (WGS84) via inSR/outSR params,vector (1:24000-scale hydrography),event-based (map updates),2026-08-20 (verified working via src/indicators/drainage_indicators.py at all 3 existing reference addresses: Baton Rouge nearest unnamed stream/waterbody ~915-918m; Lakeview New Orleans nearest '17th Street Canal' 128.6m and a Levee feature 92.6m — physically correct, this is the canal/levee system from the 2005 breach; Gentilly New Orleans nearest 'London Avenue Outfall Canal' 556.6m and a Levee feature 532.9m — also physically correct, the other well-known 2005 breach site),Public-domain USGS data; confirm exact attribution text before customer-facing use,src/indicators/drainage_indicators.py,"live features returned for 3/3 test addresses with physically correct nearest named canals/levees (17th St Canal + levee at Lakeview, London Ave Outfall Canal + levee at Gentilly); field-name casing differs across sublayers (Flowline lowercase vs. Waterbody/Area/Line uppercase) — handled via case-insensitive attribute lookup after this was found to silently break a fixed-case lookup during testing","Reports proximity to MAPPED features only — not a drainage-performance model. No flow-accumulation, depression, or surface-water-modeling analysis has been done (blueprint Phase 4.4 requires validating any such model against observed local events first). Many small/local drainage ditches are not captured in this national dataset; absence of a nearby feature is not evidence of good drainage."
CENSUS_ACS,U.S. Census Bureau,American Community Survey 5-Year Detailed Tables,https://api.census.gov/data/2024/acs/acs5 (confirmed current release via census.gov/data/developers/data-sets/acs-5year.html),"REST query (GET, requires a free registered API key — UNLIKE every other source in this registry, which are keyless)",N/A (tabular Census geography codes: state/county/tract/block group, no coordinate CRS),tract/block group,annual (5-year rolling release),"2026-08-20 (live-tested against East Baton Rouge Parish, LA — api.census.gov/data/2024/acs/acs5?get=NAME,B19013_001E&for=county:033&in=state:22 — returned HTTP 302 with X-DataWebAPI-KeyError:1 redirecting to api.census.gov/data/missing_key.html; confirmed this is a platform-wide key requirement, not specific to the 2024 release, by retesting the identical query against the 2022 5-year endpoint with the same result)",Public Census data; a free API key from https://api.census.gov/data/key_signup.html is required before any query will succeed — the founder is self-registering for one (deliberately not done by the agent, to keep the founder's email out of a third-party signup),"src/indicators/census_acs_indicators.py — built 2026-08-20, fully verified live 2026-08-21 with a founder-provided API key. Both the keyless Census-Geocoder tract lookup and the keyed ACS5 data fetch confirmed working at all 3 existing reference addresses.","live and correct at 3/3 test addresses: Baton Rouge tract 22033005100 (population 3051, median household income $52827, owner-occupied 10.6% — dense rental-heavy downtown tract, plausible); Lakeview tract 22071007607 (population 2622, income $103824, owner-occupied 61.6% — exact same tract already independently confirmed in wind_indicators.py, a real cross-source consistency check); Gentilly tract 22071003301 (population 2439, income $111563, owner-occupied 80.0%). Graceful no-key fallback also confirmed (data_available:false with a clear message, not a stack trace).","Sampling error and geography; avoid implying household-level attributes. Per the blueprint (Step 2.1), this is neighborhood-level housing/social context for optional B2B/community views — not a hazard indicator, and (as of this check) still not wired into the core Home Passport pipeline pending a product decision on whether to include it."
LA_FORTIFY_HOMES,Louisiana Department of Insurance,Louisiana Fortify Homes Program,https://www.ldi.la.gov/fortifyhomes,manual (no API — official program page only; page returns HTTP 403 to automated fetchers without a browser-like User-Agent, confirmed reachable via curl with one),N/A,program rules (non-spatial),"check each grant round — rounds/eligibility change per round, not on a fixed calendar","2026-08-20 (live-fetched: page confirmed live and current, title ""Fortify Homes"" on the ldi.la.gov domain; live text as of this check: ""Lottery registration for the next round of grants is now open and will close at 5 p.m. on Thursday, Nov. 20 ... This round of grants is limited to residents of Louisiana's Coastal Zone and of Lake Charles, Sulphur and Westlake."" — eligibility geography is round-specific, not statewide)",Public LA state program page; no stated reuse restriction found on the page itself — confirm before quoting program text verbatim in customer-facing copy,rules_engine.py's LA_FORTIFY_HOMES_PROGRAM_NOTE constant (updated with this verified URL/date),link-liveness check / last-checked date present,"Programs and application rounds change — this round is geographically restricted (Coastal Zone + Lake Charles/Sulphur/Westlake only, not statewide); always link to the current official page and mark as an item to investigate, not a guaranteed eligibility."
LA_GOHSEP,Louisiana Governor's Office of Homeland Security & Emergency Preparedness,Hazard Mitigation program overview (incl. Flood Mitigation Assistance / FMA, administered with FEMA),https://gohsep.la.gov/recovery/hazard-mitigation/,"manual (no API found; grant applications route through the separate gohsepgrants.la.gov eGrants portal, also confirmed live)",N/A,program rules (non-spatial),check each grant cycle,"2026-08-20 (live-fetched: confirmed page title ""Hazard Mitigation - GOHSEP"" and body content describing the Hazard Mitigation program; two URLs from an initial web search — gohsep.la.gov/divisions/hazard-mitigation-assistance/ and its /fma/ subpage — both 404'd, so the correct current path was instead found by parsing gohsep.la.gov's own homepage navigation, not guessed or trusted from the search summary)",Public LA state agency page; no stated reuse restriction found on the page itself — confirm before quoting program text verbatim in customer-facing copy,not yet wired into rules_engine.py (no GOHSEP-specific rule exists yet — LA_FORTIFY_HOMES is the only state program currently referenced in a recommendation rule),link-liveness check,"Programs change; treat as leads to verify, not guarantees. Distinct from the Fortify Homes roof grant — GOHSEP's Hazard Mitigation program is broader (property acquisition/elevation/flood mitigation, largely FEMA-funded pass-through) and has its own separate eligibility/application process via gohsepgrants.la.gov."
PARISH_LOCAL_GIS,City of Baton Rouge / East Baton Rouge Parish (EBRGIS Program),"Stormwater Conveyance (pipes/ditches), Stormwater Structure (catch basins/manholes), Drainage District (admin polygon), Parish Boundary (coverage gate) — 4 of 255 datasets in the portal's DCAT catalog","Parish Boundary: maps.brla.gov/gis/rest/services/Governmental_Units/Parish_Boundary/MapServer/0 | Stormwater Conveyance: utility.arcgis.com/usrsvcs/servers/de50e129067b480c808ec3552d7b2fc8/rest/services/Infrastructure_Secure/Stormwater_Asset/MapServer/1 | Stormwater Structure: utility.arcgis.com/usrsvcs/servers/a8d2ff1f6b7e43139d72a3050970823a/rest/services/Infrastructure_Secure/Stormwater_Asset/MapServer/0 | Drainage District: services.arcgis.com/KYvXadMcgf0K1EzK/arcgis/rest/services/Drainage_District/FeatureServer/0 — all found via the portal's DCAT feed (api/feed/dcat-us/1.1.json), not guessed; the ""Infrastructure_Secure"" path segment on the stormwater URLs looked auth-gated but is confirmed publicly queryable with no key,REST query (ArcGIS MapServer/FeatureServer /query per layer, no API key despite one URL's ""Infrastructure_Secure"" path segment),EPSG:4326 (WGS84) via inSR/outSR params,vector (parcel-scale pipe/structure asset inventory + admin polygons),varies (parish-maintained utility asset data; no stated cadence found),"2026-08-21 (verified working via src/indicators/ebr_local_drainage_indicators.py: Baton Rouge reference point found a real stormwater pipe 8.4m away (material RCP) and catch basin 8.6m away (structure type SCI), in ""Gravity Drainage District #1''; Parish Boundary gate correctly returns in_service_area:true there and in_service_area:false for both existing New Orleans reference points, since Orleans is a different parish — this in/out-of-coverage distinction was live-verified, not assumed)",Portal site license: "For public use... general reference purposes only"; per-dataset terms not separately reviewed,src/indicators/ebr_local_drainage_indicators.py,"live features returned for the Baton Rouge point (761 conveyance + 773 structure features within 500m in initial exploration; nearest-distance query confirmed correct); a real bug was found and fixed during testing — the nearest-feature distance helper only handled line/polygon geometry, silently skipping the Stormwater Structure layer's POINT geometry entirely (returned null instead of 8.6m) until a point-distance case was added","Parish asset-inventory LOCATIONS only, not a capacity or flow-performance model. Covers East Baton Rouge Parish only — every address outside EBR correctly gets data_available:false, in_service_area:false rather than a misleading 'nothing nearby'. STRUCTURE_TYPE/MATERIAL codes (e.g. ""SCI"", ""RCP"") are reported raw/undecoded — the service exposes no coded-value domain for them, and a data dictionary at city.brla.gov/gis/metadata/STORMWATER_STRUCTURE.html was found but not yet used to translate them."
